{"cameraMode":{"drawMode":0,"name":"Shaded","section":"Shading Mode"},"sceneLighting":false,"audioPlay":false,"sceneViewState":{"showFog":true,"showMaterialUpdate":true,"showSkybox":false,"showFlares":true,"showImageEffects":true,"showParticleSystems":true},"in2DMode":false,"pivot":{"x":0.7987702488899231,"y":0.5872344970703125,"z":0.4981529712677002},"rotation":{"x":0.1679966300725937,"y":-0.3700717091560364,"z":0.06843920052051544,"w":0.9111909866333008},"size":1.5023192167282105,"orthographic":false}