{"cameraMode":{"drawMode":0,"name":"Shaded","section":"Shading Mode"},"sceneLighting":false,"audioPlay":false,"sceneViewState":{"showFog":true,"showMaterialUpdate":true,"showSkybox":false,"showFlares":true,"showImageEffects":true,"showParticleSystems":true},"in2DMode":false,"pivot":{"x":-0.029795408248901368,"y":3.4751923084259035,"z":-0.049858808517456058},"rotation":{"x":-0.5128140449523926,"y":-0.04810246080160141,"z":0.028797348961234094,"w":-0.8566718101501465},"size":4.380804538726807,"orthographic":false}