{"cameraMode":{"drawMode":0,"name":"Shaded","section":"Shading Mode"},"sceneLighting":false,"audioPlay":false,"sceneViewState":{"showFog":true,"showMaterialUpdate":true,"showSkybox":false,"showFlares":true,"showImageEffects":true,"showParticleSystems":true},"in2DMode":false,"pivot":{"x":9.5367431640625e-7,"y":-5.684341886080802e-14,"z":4.76837158203125e-7},"rotation":{"x":0.2954610586166382,"y":0.1574486941099167,"z":-0.04786252602934837,"w":0.9413105845451355},"size":6.614380359649658,"orthographic":false}