{"cameraMode":{"drawMode":0,"name":"Shaded","section":"Shading Mode"},"sceneLighting":false,"audioPlay":false,"sceneViewState":{"showFog":true,"showMaterialUpdate":true,"showSkybox":false,"showFlares":true,"showImageEffects":true,"showParticleSystems":true},"in2DMode":false,"pivot":{"x":-0.9633092880249023,"y":0.4418365955352783,"z":0.5131955146789551},"rotation":{"x":0.18252116441726685,"y":0.6405114531517029,"z":-0.15821827948093415,"w":0.7292992472648621},"size":2.8758296966552736,"orthographic":false}