{"cameraMode":{"drawMode":0,"name":"Shaded","section":"Shading Mode"},"sceneLighting":true,"audioPlay":false,"sceneViewState":{"showFog":true,"showMaterialUpdate":true,"showSkybox":true,"showFlares":true,"showImageEffects":true,"showParticleSystems":true},"in2DMode":false,"pivot":{"x":13.213639259338379,"y":2.4602982997894289,"z":-8.374605178833008},"rotation":{"x":-0.022039959207177163,"y":-0.06544597446918488,"z":-0.001356877270154655,"w":-0.997951090335846},"size":2.0174224376678469,"orthographic":false}