{"cameraMode":{"drawMode":0,"name":"Shaded","section":"Shading Mode"},"sceneLighting":true,"audioPlay":false,"sceneViewState":{"showFog":true,"showMaterialUpdate":true,"showSkybox":true,"showFlares":true,"showImageEffects":true,"showParticleSystems":true},"in2DMode":false,"pivot":{"x":21.658044815063478,"y":6.903203010559082,"z":-8.079383850097657},"rotation":{"x":-0.15355142951011659,"y":0.06449851393699646,"z":-0.010613515041768551,"w":-0.9861852526664734},"size":3.7869954109191896,"orthographic":false}