{"cameraMode":{"drawMode":0,"name":"Shaded","section":"Shading Mode"},"sceneLighting":false,"audioPlay":false,"sceneViewState":{"showFog":true,"showMaterialUpdate":true,"showSkybox":false,"showFlares":true,"showImageEffects":true,"showParticleSystems":true},"in2DMode":false,"pivot":{"x":21.670000076293947,"y":0.125,"z":7.6100006103515629},"rotation":{"x":0.2453552633523941,"y":-0.14939817786216737,"z":0.04172833263874054,"w":0.9573559165000916},"size":15.81336498260498,"orthographic":false}