{"cameraMode":{"drawMode":0,"name":"Shaded","section":"Shading Mode"},"sceneLighting":false,"audioPlay":false,"sceneViewState":{"showFog":true,"showMaterialUpdate":true,"showSkybox":false,"showFlares":true,"showImageEffects":true,"showParticleSystems":true},"in2DMode":false,"pivot":{"x":10.173609733581543,"y":-16.55406951904297,"z":-2.992401361465454},"rotation":{"x":0.21221572160720826,"y":0.6953274011611939,"z":-0.2250451296567917,"w":0.6490901112556458},"size":26.942123413085939,"orthographic":false}