{"cameraMode":{"drawMode":0,"name":"Shaded","section":"Shading Mode"},"sceneLighting":false,"audioPlay":false,"sceneViewState":{"showFog":true,"showMaterialUpdate":true,"showSkybox":false,"showFlares":true,"showImageEffects":true,"showParticleSystems":true},"in2DMode":false,"pivot":{"x":-0.5901733636856079,"y":2.5145368576049806,"z":-5.434638023376465},"rotation":{"x":0.23996859788894654,"y":0.02594142220914364,"z":-0.0062139593064785,"w":0.9704815149307251},"size":1.5023192167282105,"orthographic":false}