{"cameraMode":{"drawMode":0,"name":"Shaded","section":"Shading Mode"},"sceneLighting":false,"audioPlay":false,"sceneViewState":{"showFog":true,"showMaterialUpdate":true,"showSkybox":false,"showFlares":true,"showImageEffects":true,"showParticleSystems":true},"in2DMode":false,"pivot":{"x":42.349998474121097,"y":0.125,"z":16.189998626708986},"rotation":{"x":0.12386620044708252,"y":-0.7165716290473938,"z":0.1366576850414276,"w":0.673274040222168},"size":10.392309188842774,"orthographic":false}