{"cameraMode":{"drawMode":0,"name":"Shaded","section":"Shading Mode"},"sceneLighting":false,"audioPlay":false,"sceneViewState":{"showFog":true,"showMaterialUpdate":true,"showSkybox":false,"showFlares":true,"showImageEffects":true,"showParticleSystems":true},"in2DMode":false,"pivot":{"x":1.1493456363677979,"y":0.02995331957936287,"z":0.05897156894207001},"rotation":{"x":0.14837566018104554,"y":0.478305846452713,"z":-0.08212614804506302,"w":0.8617396354675293},"size":1.4999867677688599,"orthographic":false}