{"cameraMode":{"drawMode":0,"name":"Shaded","section":"Shading Mode"},"sceneLighting":false,"audioPlay":false,"sceneViewState":{"showFog":true,"showMaterialUpdate":true,"showSkybox":false,"showFlares":true,"showImageEffects":true,"showParticleSystems":true},"in2DMode":false,"pivot":{"x":15.243000030517579,"y":0.8489999771118164,"z":-8.479999542236329},"rotation":{"x":0.21209768950939179,"y":0.06399773061275482,"z":-0.010691243223845959,"w":0.9754514694213867},"size":0.12990358471870423,"orthographic":false}