{"cameraMode":{"drawMode":0,"name":"Shaded","section":"Shading Mode"},"sceneLighting":false,"audioPlay":false,"sceneViewState":{"showFog":true,"showMaterialUpdate":true,"showSkybox":false,"showFlares":true,"showImageEffects":true,"showParticleSystems":true},"in2DMode":false,"pivot":{"x":21.790000915527345,"y":0.125,"z":16.189998626708986},"rotation":{"x":-0.3351198136806488,"y":-0.09420334547758103,"z":0.03367055207490921,"w":-0.9369140267372131},"size":10.392311096191407,"orthographic":false}