{"cameraMode":{"drawMode":0,"name":"Shaded","section":"Shading Mode"},"sceneLighting":true,"audioPlay":false,"sceneViewState":{"showFog":true,"showMaterialUpdate":true,"showSkybox":true,"showFlares":true,"showImageEffects":true,"showParticleSystems":true},"in2DMode":false,"pivot":{"x":13.645926475524903,"y":4.530176162719727,"z":94.34213256835938},"rotation":{"x":-0.2928718328475952,"y":-0.09674354642629624,"z":0.029803067445755006,"w":-0.9507851004600525},"size":0.3787519633769989,"orthographic":false}