{"cameraMode":{"drawMode":0,"name":"Shaded","section":"Shading Mode"},"sceneLighting":false,"audioPlay":false,"sceneViewState":{"showFog":true,"showMaterialUpdate":true,"showSkybox":false,"showFlares":true,"showImageEffects":true,"showParticleSystems":true},"in2DMode":false,"pivot":{"x":12.64900016784668,"y":107.33300018310547,"z":8.473535537719727},"rotation":{"x":-0.16961324214935304,"y":-0.004360094666481018,"z":-0.0007132029859349132,"w":-0.9856953024864197},"size":0.0866045206785202,"orthographic":false}