{"cameraMode":{"drawMode":0,"name":"Shaded","section":"Shading Mode"},"sceneLighting":false,"audioPlay":false,"sceneViewState":{"showFog":true,"showMaterialUpdate":true,"showSkybox":false,"showFlares":true,"showImageEffects":true,"showParticleSystems":true},"in2DMode":false,"pivot":{"x":2.9024505615234377,"y":-17.975221633911134,"z":22.717632293701173},"rotation":{"x":0.43376126885414126,"y":0.0973951667547226,"z":-0.043667953461408618,"w":0.8951207995414734},"size":22.1392822265625,"orthographic":false}